,Year,Region,Mode_transmission,Form_juridique,Declarer_RAS/Produit_IP,Declarer_RAS/Produit_RAS,Declarer_RAS/Produit_TVQ,Declarer_RAS/Produit_IC,Declarer_IP/Produit_RAS,Declarer_IP/Produit_IP,Declarer_IP/Produit_TVQ,Declarer_IP/Produit_IC,Declarer_IC/Produit_RAS,Declarer_IC/Produit_IP,Declarer_IC/Produit_TVQ,Declarer_IC/Produit_IC,Declarer_TVQ/Produit_RAS,Declarer_TVQ/Produit_IP,Declarer_TVQ/Produit_TVQ,Declarer_TVQ/Produit_IC
,,,,,,,,,,,,,,,,,,,,
0,2014,Abitibi-temiscamingue,Indeterminé,S,0.0,0.0,0.6666666666666666,0.0,0.0,0.5,0.25,0.0,0.4148936170212766,0.0,0.32978723404255317,0.5531914893617021,0.3333333333333333,0.0,0.6666666666666666,0.0
1,2014,Abitibi-temiscamingue,Logiciel,C,0.0,0.45121951219512196,0.3780487804878049,0.5,0.0,0.0,1.0,0.0,1.0,0.0,0.0,0.0,0.39285714285714285,0.0,0.40476190476190477,0.4523809523809524
2,2014,Abitibi-temiscamingue,Logiciel,P,0.375,0.125,0.25,0.0,0.2,0.35,0.55,0.0,0.3333333333333333,0.0,0.6666666666666666,0.0,0.0,0.4444444444444444,0.2222222222222222,0.0
3,2014,Abitibi-temiscamingue,Manuscript,C,0.0,0.5,0.0,0.0,1.0,0.0,0.0,0.0,0.40437158469945356,0.0,0.39344262295081966,0.5300546448087432,0.0,0.5,0.5,0.0
4,2014,Abitibi-temiscamingue,Manuscript,P,1.0,0.0,0.0,0.0,0.25806451612903225,0.4838709677419355,0.2903225806451613,0.0,0.0,0.0,0.0,0.5,0.25,0.0,0.25,0.25
5,2014,Bas-saint-laurent,Indeterminé,C,0.0,0.0,1.0,0.0,0.3333333333333333,0.6666666666666666,0.6666666666666666,0.0,0.3333333333333333,0.0,0.20833333333333334,0.3333333333333333,0.0,0.0,0.25,0.0
6,2014,Bas-saint-laurent,Indeterminé,S,0.0,0.16666666666666666,0.5,0.0,0.09090909090909091,0.5909090909090909,0.3181818181818182,0.0,0.3814229249011858,0.0,0.39723320158102765,0.45652173913043476,0.40106951871657753,0.0,0.35294117647058826,0.49732620320855614
7,2014,Bas-saint-laurent,Logiciel,C,0.0,0.36046511627906974,0.3546511627906977,0.5,0.034482758620689655,0.4827586206896552,0.5172413793103449,0.0,0.13333333333333333,0.0,0.3333333333333333,0.4,0.21052631578947367,0.42105263157894735,0.5263157894736842,0.0
8,2014,Bas-saint-laurent,Logiciel,P,0.4838709677419355,0.25806451612903225,0.45161290322580644,0.0,1.0,0.0,1.0,0.0,0.0,0.0,0.1,0.2,0.0,0.0,0.6666666666666666,0.6666666666666666
9,2014,Bas-saint-laurent,Manuscript,C,0.0,0.0,1.0,0.5,0.0,0.0,0.0,0.0,0.42578125,0.0,0.40234375,0.51953125,0.5,0.0,0.5,0.0
10,2014,Bas-saint-laurent,Manuscript,P,0.0,1.0,0.0,0.0,0.0,1.0,0.5,0.0,0.5,0.0,0.0,1.0,0.43478260869565216,0.0,0.21739130434782608,0.43478260869565216
11,2014,Capitale-nationale,Indeterminé,C,0.0,0.25,0.2,0.3,0.16666666666666666,0.4583333333333333,0.20833333333333334,0.0,0.2727272727272727,0.0,0.2727272727272727,0.45454545454545453,0.35714285714285715,0.0,0.5,0.0
12,2014,Capitale-nationale,Indeterminé,S,0.0,0.3333333333333333,0.4666666666666667,0.0,0.0,0.0,0.0,0.0,0.35911602209944754,0.0,0.427255985267035,0.4880294659300184,0.37523452157598497,0.0,0.4277673545966229,0.4915572232645403
13,2014,Capitale-nationale,Logiciel,C,0.0,0.36971046770601335,0.43207126948775054,0.4610244988864143,0.375,0.875,0.375,0.0,0.6666666666666666,0.0,0.3333333333333333,0.16666666666666666,0.23684210526315788,0.4473684210526316,0.3684210526315789,0.0
14,2014,Capitale-nationale,Logiciel,P,0.5,0.2826086956521739,0.2391304347826087,0.0,0.0,0.0,0.0,0.0,0.0,0.0,0.0,0.0,0.25,0.0,0.375,0.6875
15,2014,Capitale-nationale,Manuscript,C,0.0,0.15384615384615385,0.3076923076923077,0.5384615384615384,0.27906976744186046,0.5581395348837209,0.37209302325581395,0.0,0.3611111111111111,0.0,0.3611111111111111,0.5277777777777778,0.0,0.3333333333333333,0.6666666666666666,0.0
16,2014,Capitale-nationale,Manuscript,P,0.3333333333333333,0.0,0.6666666666666666,0.0,1.0,1.0,1.0,0.0,0.23076923076923078,0.0,0.38461538461538464,0.23076923076923078,0.1111111111111111,0.0,0.2222222222222222,0.3333333333333333
17,2014,Centre-du-quebec,Indeterminé,C,0.0,0.0,0.0,0.25,0.2835820895522388,0.373134328358209,0.31343283582089554,0.0,0.4205607476635514,0.0,0.40186915887850466,0.470404984423676,0.6,0.0,0.2,0.0
18,2014,Centre-du-quebec,Indeterminé,S,0.0,0.6666666666666666,0.3333333333333333,0.0,0.21428571428571427,0.42857142857142855,0.21428571428571427,0.0,0.3333333333333333,0.0,0.0,0.6666666666666666,0.3811188811188811,0.0,0.4195804195804196,0.46153846153846156
19,2014,Centre-du-quebec,Logiciel,C,0.0,0.3893129770992366,0.40458015267175573,0.44656488549618323,0.1875,0.4375,0.4375,0.0,0.5,0.0,0.4090909090909091,0.4090909090909091,0.09375,0.4375,0.3125,0.0
20,2014,Centre-du-quebec,Logiciel,P,0.5454545454545454,0.13636363636363635,0.18181818181818182,0.0,0.5,0.0,0.5,0.0,0.0,0.0,0.0,0.5,0.0,0.0,0.0,0.5
21,2014,Centre-du-quebec,Manuscript,C,0.0,0.0,0.5,0.5,0.19801980198019803,0.5445544554455446,0.44554455445544555,0.0,0.2857142857142857,0.0,0.2857142857142857,0.2857142857142857,0.3333333333333333,0.0,0.26666666666666666,0.3333333333333333
22,2014,Chaudiere-appalaches,Indeterminé,C,0.0,0.29411764705882354,0.29411764705882354,0.47058823529411764,0.5,0.25,0.25,0.0,0.47368421052631576,0.0,0.3684210526315789,0.3684210526315789,0.0,0.0,1.0,0.0
23,2014,Chaudiere-appalaches,Indeterminé,S,0.0,0.5,0.5,0.0,0.15384615384615385,0.6153846153846154,0.23076923076923078,0.0,0.3598326359832636,0.0,0.38354253835425384,0.4755927475592748,0.3738819320214669,0.0,0.3935599284436494,0.47584973166368516
24,2014,Chaudiere-appalaches,Logiciel,C,0.0,0.38125,0.41458333333333336,0.4708333333333333,0.0,0.6666666666666666,0.3333333333333333,0.0,0.5,0.0,0.2,0.6,0.11904761904761904,0.47619047619047616,0.40476190476190477,0.0
25,2014,Chaudiere-appalaches,Logiciel,P,0.5757575757575758,0.09090909090909091,0.3939393939393939,0.0,0.16666666666666666,0.5333333333333333,0.3,0.0,0.15384615384615385,0.0,0.34615384615384615,0.2692307692307692,0.42857142857142855,0.0,0.14285714285714285,0.42857142857142855
26,2014,Chaudiere-appalaches,Manuscript,C,0.0,0.5,0.5,0.3333333333333333,0.0,0.0,0.0,0.0,0.3018181818181818,0.0,0.3503030303030303,0.4581818181818182,0.0,0.0,0.0,0.0
27,2014,Chaudiere-appalaches,Manuscript,P,0.5,0.5,0.5,0.0,0.14285714285714285,0.2857142857142857,0.21428571428571427,0.0,0.36363636363636365,0.0,0.18181818181818182,0.36363636363636365,0.0,0.0,1.0,0.0
28,2014,Cote-nord,Indeterminé,C,0.0,0.0,1.0,1.0,0.1,0.3,0.3,0.0,0.2727272727272727,0.0,0.09090909090909091,0.2727272727272727,0.43902439024390244,0.0,0.4634146341463415,0.4878048780487805
29,2014,Cote-nord,Indeterminé,S,0.0,0.0,1.0,0.0,0.0,1.0,0.0,0.0,0.33222591362126247,0.0,0.4119601328903654,0.45182724252491696,0.0,0.375,0.25,0.0
30,2014,Cote-nord,Logiciel,C,0.0,0.5333333333333333,0.43333333333333335,0.4,0.21739130434782608,0.43478260869565216,0.4782608695652174,0.0,0.4444444444444444,0.0,0.4444444444444444,0.3333333333333333,1.0,0.0,0.0,1.0
31,2014,Cote-nord,Logiciel,P,0.75,0.25,0.25,0.0,0.0,1.0,1.0,0.0,0.0,0.0,0.6,0.2,0.0,1.0,0.0,0.0
32,2014,Cote-nord,Manuscript,P,1.0,0.0,0.0,0.0,0.25,0.4166666666666667,0.4166666666666667,0.0,0.3425925925925926,0.0,0.39814814814814814,0.4722222222222222,0.2727272727272727,0.0,0.36363636363636365,0.2727272727272727
33,2014,Estrie,Indeterminé,C,0.0,0.2857142857142857,0.42857142857142855,0.21428571428571427,0.5,1.0,0.0,0.0,0.5,0.0,0.5,0.5,0.25,0.0,0.25,0.0
34,2014,Estrie,Indeterminé,S,0.0,0.375,0.25,0.0,0.12,0.64,0.44,0.0,0.23636363636363636,0.0,0.23636363636363636,0.4,0.3869047619047619,0.0,0.3958333333333333,0.4583333333333333
35,2014,Estrie,Logiciel,C,0.0,0.38263665594855306,0.3858520900321543,0.4180064308681672,0.23529411764705882,0.47058823529411764,0.2647058823529412,0.0,0.34449452672247266,0.0,0.40244687701223436,0.46490663232453316,0.2857142857142857,0.3333333333333333,0.42857142857142855,0.0
36,2014,Estrie,Logiciel,P,0.4166666666666667,0.16666666666666666,0.3333333333333333,0.0,0.6666666666666666,0.0,0.6666666666666666,0.0,0.14285714285714285,0.0,0.2857142857142857,0.35714285714285715,0.0,0.0,0.0,1.0
37,2014,Estrie,Manuscript,C,0.0,0.0,0.0,1.0,0.2,0.2,0.6,0.0,0.25,0.0,0.3,0.45,0.43333333333333335,0.0,0.5666666666666667,0.5333333333333333
38,2014,Estrie,Manuscript,P,1.0,0.0,0.0,0.0,0.4230769230769231,0.46153846153846156,0.23076923076923078,0.0,0.33225283630470015,0.0,0.3889789303079417,0.46353322528363045,0.3,0.5,0.2,0.0
39,2014,Gaspesie-iles-de-la-madeleine,Logiciel,C,0.0,0.3333333333333333,0.38095238095238093,0.6190476190476191,0.5,0.5,0.5,0.0,0.4166666666666667,0.0,0.16666666666666666,0.5,0.0,0.0,0.0,0.0
40,2014,Gaspesie-iles-de-la-madeleine,Logiciel,P,0.5833333333333334,0.25,0.4166666666666667,0.0,0.2727272727272727,0.43636363636363634,0.34545454545454546,0.0,0.47058823529411764,0.0,0.35294117647058826,0.29411764705882354,0.3,0.0,0.3,0.6
41,2014,Hors du quebec,Indeterminé,C,0.0,0.5,0.0,0.0,1.0,1.0,0.0,0.0,0.2,0.0,0.2,0.4,0.0,1.0,0.0,0.0
42,2014,Hors du quebec,Logiciel,C,0.0,0.5,0.16666666666666666,0.5,0.29333333333333333,0.49333333333333335,0.4,0.0,0.36507936507936506,0.0,0.4087301587301587,0.49206349206349204,0.2857142857142857,0.0,0.35714285714285715,0.42857142857142855
43,2014,Lanaudiere,Indeterminé,C,0.0,0.3333333333333333,0.5,0.3333333333333333,0.0,0.0,0.0,0.0,0.5,0.0,0.0,0.5,0.26666666666666666,0.0,0.4,0.0
44,2014,Lanaudiere,Indeterminé,S,0.0,0.3076923076923077,0.46153846153846156,0.0,0.1,0.55,0.3,0.0,0.36363636363636365,0.0,0.2727272727272727,0.36363636363636365,0.36998706338939197,0.0,0.36093143596377747,0.48253557567917205
45,2014,Lanaudiere,Logiciel,C,0.0,0.3521739130434783,0.38405797101449274,0.45072463768115945,0.3333333333333333,0.5,0.3333333333333333,0.0,0.42934782608695654,0.0,0.4076086956521739,0.45652173913043476,0.1746031746031746,0.38095238095238093,0.3333333333333333,0.0
46,2014,Lanaudiere,Logiciel,P,0.41935483870967744,0.1774193548387097,0.3548387096774194,0.0,0.125,0.3416666666666667,0.3333333333333333,0.0,0.25,0.0,0.5,0.25,0.3333333333333333,0.0,0.1111111111111111,0.5555555555555556
47,2014,Lanaudiere,Manuscript,C,0.0,0.0,0.14285714285714285,0.42857142857142855,0.0,0.75,0.25,0.0,0.39823008849557523,0.0,0.415929203539823,0.39823008849557523,0.75,0.75,0.5,0.0
48,2014,Laurentides,Indeterminé,C,0.0,0.13793103448275862,0.20689655172413793,0.3793103448275862,0.3,0.55,0.475,0.0,0.2,0.0,0.6,0.4,0.24,0.0,0.24,0.44
49,2014,Laurentides,Indeterminé,S,0.0,0.35714285714285715,0.5,0.0,0.0,0.0,1.0,0.0,0.36,0.0,0.45714285714285713,0.46285714285714286,0.2,0.0,0.5,0.0
50,2014,Laurentides,Logiciel,C,0.0,0.3316953316953317,0.36855036855036855,0.4582309582309582,0.0,1.0,0.0,0.0,0.3333333333333333,0.0,0.3333333333333333,0.0,0.33557046979865773,0.0,0.34675615212527966,0.4507829977628635
51,2014,Laurentides,Logiciel,P,0.3717948717948718,0.23076923076923078,0.34615384615384615,0.0,0.22580645161290322,0.6129032258064516,0.3548387096774194,0.0,0.23809523809523808,0.0,0.2857142857142857,0.23809523809523808,0.16049382716049382,0.4444444444444444,0.38271604938271603,0.0
52,2014,Laurentides,Manuscript,C,0.0,0.43478260869565216,0.2608695652173913,0.391304347826087,0.35294117647058826,0.47058823529411764,0.29411764705882354,0.0,0.376865671641791,0.0,0.4085820895522388,0.46828358208955223,0.38095238095238093,0.0,0.23809523809523808,0.2857142857142857
53,2014,Laurentides,Manuscript,P,0.6,0.0,0.2,0.0,0.0,1.0,0.3333333333333333,0.0,0.14285714285714285,0.0,0.35714285714285715,0.35714285714285715,0.0,0.75,0.25,0.0
54,2014,Laval,Indeterminé,C,0.0,0.2,0.0,0.4,0.0,0.0,1.0,0.0,0.2222222222222222,0.0,0.2222222222222222,0.1111111111111111,0.125,0.0,0.0,0.375
55,2014,Laval,Indeterminé,S,0.0,0.0,0.0,0.0,0.21052631578947367,0.47368421052631576,0.3684210526315789,0.0,0.38461538461538464,0.0,0.43724696356275305,0.44534412955465585,0.0,0.0,0.0,0.0
56,2014,Laval,Logiciel,C,0.0,0.3413654618473896,0.41767068273092367,0.40160642570281124,0.16666666666666666,0.3333333333333333,0.4166666666666667,0.0,0.0,0.0,1.0,0.0,0.32608695652173914,0.0,0.391304347826087,0.42391304347826086
57,2014,Laval,Logiciel,P,0.2857142857142857,0.10714285714285714,0.17857142857142858,0.0,0.17647058823529413,0.5882352941176471,0.4117647058823529,0.0,0.375,0.0,0.5,0.25,0.1,0.3,0.25,0.0
58,2014,Laval,Manuscript,C,0.0,0.26666666666666666,0.4666666666666667,0.3333333333333333,0.10344827586206896,0.4827586206896552,0.41379310344827586,0.0,0.3905429071803853,0.0,0.4203152364273205,0.46409807355516636,0.45454545454545453,0.0,0.5454545454545454,0.36363636363636365
59,2014,Mauricie,Indeterminé,C,0.0,0.42857142857142855,0.2857142857142857,0.7142857142857143,0.0,1.0,0.0,0.0,0.5,0.0,0.25,0.5,0.0,0.0,0.0,0.0
60,2014,Mauricie,Indeterminé,S,0.0,0.4,0.4,0.0,0.5,0.5,0.25,0.0,0.0,0.0,0.0,0.6666666666666666,0.14285714285714285,0.0,0.5714285714285714,0.42857142857142855
61,2014,Mauricie,Logiciel,C,0.0,0.3333333333333333,0.38738738738738737,0.5,0.1,0.45,0.4,0.0,0.4411764705882353,0.0,0.38235294117647056,0.4117647058823529,0.3333333333333333,0.0,0.0,0.0
62,2014,Mauricie,Logiciel,P,0.4,0.26666666666666666,0.4,0.0,0.16666666666666666,0.8333333333333334,0.3333333333333333,0.0,0.0,0.0,0.0,0.0,0.36574074074074076,0.0,0.37037037037037035,0.48148148148148145
63,2014,Mauricie,Manuscript,C,0.0,0.25,0.25,0.5,1.0,0.0,0.0,0.0,0.2222222222222222,0.0,0.6666666666666666,0.2222222222222222,0.1875,0.625,0.4375,0.0
64,2014,Monteregie,Indeterminé,C,0.0,0.26785714285714285,0.16071428571428573,0.375,0.14583333333333334,0.5416666666666666,0.375,0.0,0.3884057971014493,0.0,0.4,0.43478260869565216,0.0,0.0,0.5,0.0
65,2014,Monteregie,Indeterminé,S,0.0,0.25925925925925924,0.4444444444444444,0.0,1.0,1.0,1.0,0.0,0.6666666666666666,0.0,0.6666666666666666,0.3333333333333333,0.5,0.5,0.0,0.0
66,2014,Monteregie,Logiciel,C,0.0,0.33485938521909747,0.40091563113145845,0.44277305428384567,0.14285714285714285,0.40816326530612246,0.32653061224489793,0.0,0.32,0.0,0.4,0.32,0.19298245614035087,0.0,0.21052631578947367,0.42105263157894735
67,2014,Monteregie,Logiciel,P,0.5511811023622047,0.1968503937007874,0.33858267716535434,0.0,0.13333333333333333,0.5333333333333333,0.4666666666666667,0.0,0.0,0.0,0.0,0.3333333333333333,0.2,0.0,0.36,0.0
68,2014,Monteregie,Manuscript,C,0.0,0.17647058823529413,0.35294117647058826,0.23529411764705882,0.23076923076923078,0.3076923076923077,0.46153846153846156,0.0,0.45454545454545453,0.0,0.2727272727272727,0.2727272727272727,0.3400243309002433,0.0,0.40450121654501214,0.458029197080292
69,2014,Monteregie,Manuscript,P,0.2857142857142857,0.14285714285714285,0.14285714285714285,0.0,0.0,0.0,0.0,0.0,0.15789473684210525,0.0,0.0,0.47368421052631576,0.19285714285714287,0.5214285714285715,0.37857142857142856,0.0
70,2014,Montreal,Indeterminé,C,0.0,0.14285714285714285,0.19047619047619047,0.47619047619047616,0.10185185185185185,0.5,0.32407407407407407,0.0,0.3527950310559006,0.0,0.37267080745341613,0.4670807453416149,0.15384615384615385,0.0,0.23076923076923078,0.23076923076923078
71,2014,Montreal,Indeterminé,S,0.0,0.375,0.375,0.0,0.0,1.0,0.0,0.0,0.2727272727272727,0.0,0.18181818181818182,0.36363636363636365,0.0,0.3333333333333333,0.3333333333333333,0.0
72,2014,Montreal,Logiciel,C,0.0,0.335559265442404,0.38564273789649417,0.4590984974958264,0.13043478260869565,0.34782608695652173,0.43478260869565216,0.0,0.3235294117647059,0.0,0.23529411764705882,0.38235294117647056,0.3333333333333333,0.0,0.20833333333333334,0.4166666666666667
73,2014,Montreal,Logiciel,P,0.44,0.18,0.32,0.0,0.0,0.0,0.0,0.0,0.35611907386990077,0.0,0.38037486218302097,0.43770672546857775,0.2727272727272727,0.0,0.18181818181818182,0.0
74,2014,Montreal,Manuscript,C,0.0,0.23076923076923078,0.23076923076923078,0.3076923076923077,0.0,0.5,1.0,0.0,0.34615384615384615,0.0,0.46153846153846156,0.34615384615384615,0.3333333333333333,0.0,0.3953488372093023,0.4434108527131783
75,2014,Montreal,Manuscript,P,0.5,0.0,0.5,0.0,0.16129032258064516,0.4838709677419355,0.41935483870967744,0.0,0.42857142857142855,0.0,0.14285714285714285,0.42857142857142855,0.12,0.52,0.32,0.0
76,2014,Nord-du-quebec,Logiciel,C,0.0,0.5555555555555556,0.3333333333333333,0.3333333333333333,0.2,0.8,0.3,0.0,0.31629392971246006,0.0,0.41533546325878595,0.4728434504792332,0.35714285714285715,0.0,0.42857142857142855,0.5714285714285714
77,2014,Outaouais,Indeterminé,C,0.0,0.2857142857142857,0.2857142857142857,0.2857142857142857,0.5454545454545454,0.5454545454545454,0.36363636363636365,0.0,0.18181818181818182,0.0,0.0,0.45454545454545453,0.3333333333333333,0.3333333333333333,0.6666666666666666,0.0
78,2014,Outaouais,Indeterminé,S,0.0,0.25,0.5,0.0,0.0,1.0,0.0,0.0,0.3333333333333333,0.0,0.6666666666666666,0.0,0.0,0.0,0.0,0.0
79,2014,Outaouais,Logiciel,C,0.0,0.34497816593886466,0.3537117903930131,0.4890829694323144,0.35294117647058826,0.35294117647058826,0.47058823529411764,0.0,0.3333333333333333,0.0,0.4,0.48444444444444446,0.3125,0.0,0.3125,0.25
80,2014,Outaouais,Logiciel,P,0.2894736842105263,0.13157894736842105,0.21052631578947367,0.0,0.40625,0.3125,0.28125,0.0,0.0,0.0,0.25,0.5,0.0,1.0,0.0,0.0
81,2014,Outaouais,Manuscript,C,0.0,0.4,0.0,0.4,0.0,0.3333333333333333,0.3333333333333333,0.0,0.19148936170212766,0.0,0.23404255319148937,0.2978723404255319,0.45454545454545453,0.0,0.36363636363636365,0.36363636363636365
82,2014,Outaouais,Manuscript,P,0.0,0.0,1.0,0.0,0.46153846153846156,0.5384615384615384,0.38461538461538464,0.0,0.36666666666666664,0.0,0.4072727272727273,0.4624242424242424,0.36363636363636365,0.0,0.45454545454545453,0.0
83,2014,Saguenay-lac-saint-jean,Indeterminé,C,0.0,0.0,0.25,0.375,0.3023255813953488,0.46511627906976744,0.4186046511627907,0.0,0.1111111111111111,0.0,0.2222222222222222,0.3888888888888889,0.3950617283950617,0.0,0.35802469135802467,0.4691358024691358
84,2014,Saguenay-lac-saint-jean,Indeterminé,S,0.0,0.25,0.75,0.0,0.5,0.0,0.0,0.0,0.2,0.0,0.35,0.4,0.1276595744680851,0.44680851063829785,0.19148936170212766,0.0
85,2014,Saguenay-lac-saint-jean,Logiciel,C,0.0,0.4308510638297872,0.3882978723404255,0.4627659574468085,0.25,0.25,0.25,0.0,0.3935860058309038,0.0,0.3848396501457726,0.4679300291545189,0.5,0.0,0.3333333333333333,0.0
86,2014,Saguenay-lac-saint-jean,Logiciel,P,0.47058823529411764,0.29411764705882354,0.4117647058823529,0.0,0.4782608695652174,0.6521739130434783,0.34782608695652173,0.0,0.2857142857142857,0.0,0.19047619047619047,0.42857142857142855,1.0,0.0,0.0,0.0
87,2014,Saguenay-lac-saint-jean,Manuscript,C,0.0,0.5,0.5,0.5,0.0,0.6,0.0,0.0,0.3076923076923077,0.0,0.46153846153846156,0.15384615384615385,0.2,0.0,0.4,0.4
88,2014,Saguenay-lac-saint-jean,Manuscript,P,0.0,0.0,0.0,0.0,0.2537313432835821,0.4925373134328358,0.40298507462686567,0.0,0.3333333333333333,0.0,0.26666666666666666,0.2,0.0,0.0,1.0,0.0
89,2015,Abitibi-temiscamingue,Indeterminé,S,0.0,0.5,0.5,0.0,0.0,0.0,1.0,0.0,0.35833333333333334,0.0,0.375,0.4791666666666667,0.44607843137254904,0.0,0.39705882352941174,0.45588235294117646
90,2015,Abitibi-temiscamingue,Logiciel,C,0.0,0.4158415841584158,0.3564356435643564,0.39603960396039606,0.30158730158730157,0.49206349206349204,0.2857142857142857,0.0,0.5,0.0,0.0,0.25,0.2608695652173913,0.34782608695652173,0.2608695652173913,0.0
91,2015,Abitibi-temiscamingue,Logiciel,P,0.5454545454545454,0.18181818181818182,0.18181818181818182,0.0,0.375,0.6875,0.3125,0.0,0.125,0.0,0.0,0.25,0.3333333333333333,0.0,0.5,0.3333333333333333
92,2015,Abitibi-temiscamingue,Manuscript,P,0.0,0.0,0.0,0.0,0.23529411764705882,0.5294117647058824,0.4117647058823529,0.0,0.4426229508196721,0.0,0.43169398907103823,0.47540983606557374,0.0,0.0,0.0,0.0
93,2015,Bas-saint-laurent,Indeterminé,C,0.0,0.2,0.2,0.4,0.0,0.0,0.0,0.0,0.16666666666666666,0.0,0.3333333333333333,0.3333333333333333,0.4485981308411215,0.0,0.4672897196261682,0.42990654205607476
94,2015,Bas-saint-laurent,Indeterminé,S,0.0,0.0,0.0,0.0,0.371900826446281,0.5371900826446281,0.4049586776859504,0.0,0.48,0.0,0.42,0.47,0.18181818181818182,0.45454545454545453,0.45454545454545453,0.0
95,2015,Bas-saint-laurent,Logiciel,C,0.0,0.35714285714285715,0.45054945054945056,0.4835164835164835,0.0,0.0,1.0,0.0,0.3333333333333333,0.0,0.3333333333333333,0.3333333333333333,0.0,0.0,0.0,0.0
96,2015,Bas-saint-laurent,Logiciel,P,0.4444444444444444,0.14814814814814814,0.5185185185185185,0.0,0.16666666666666666,0.5,0.2222222222222222,0.0,0.4321608040201005,0.0,0.4271356783919598,0.44221105527638194,0.0,1.0,0.0,0.0
97,2015,Bas-saint-laurent,Manuscript,C,0.0,0.3333333333333333,0.0,0.0,1.0,0.0,0.0,0.0,1.0,0.0,0.0,0.0,0.0,0.0,0.6666666666666666,0.6666666666666666
98,2015,Bas-saint-laurent,Manuscript,P,1.0,0.0,0.0,0.0,0.2894736842105263,0.5263157894736842,0.2894736842105263,0.0,0.16666666666666666,0.0,0.16666666666666666,0.4166666666666667,0.0,0.0,0.0,0.0
99,2015,Capitale-nationale,Indeterminé,C,0.0,0.22727272727272727,0.22727272727272727,0.22727272727272727,1.0,1.0,0.0,0.0,0.3672787979966611,0.0,0.37061769616026713,0.44407345575959933,0.34210526315789475,0.0,0.4368421052631579,0.5157894736842106
100,2015,Capitale-nationale,Indeterminé,S,0.0,0.3333333333333333,0.3333333333333333,0.0,0.3181818181818182,0.3181818181818182,0.4090909090909091,0.0,0.6,0.0,0.4666666666666667,0.26666666666666666,0.2608695652173913,0.43478260869565216,0.2608695652173913,0.0
101,2015,Capitale-nationale,Logiciel,C,0.0,0.32941176470588235,0.40784313725490196,0.47843137254901963,0.3333333333333333,0.3333333333333333,0.16666666666666666,0.0,0.2,0.0,0.2,0.3,0.4,0.0,0.0,0.2
102,2015,Capitale-nationale,Logiciel,P,0.35555555555555557,0.3333333333333333,0.4444444444444444,0.0,0.3125,0.5,0.4375,0.0,0.42907801418439717,0.0,0.36524822695035464,0.5177304964539007,0.0,1.0,1.0,0.0
103,2015,Capitale-nationale,Manuscript,C,0.0,0.3076923076923077,0.3076923076923077,0.3076923076923077,0.30434782608695654,0.391304347826087,0.5217391304347826,0.0,0.25,0.0,0.5,0.25,0.2,0.0,0.26666666666666666,0.26666666666666666
104,2015,Capitale-nationale,Manuscript,P,0.75,0.5,0.0,0.0,0.3333333333333333,1.0,0.3333333333333333,0.0,0.16666666666666666,0.0,0.0,0.16666666666666666,0.5,0.0,0.25,0.0
105,2015,Centre-du-quebec,Indeterminé,C,0.0,0.2857142857142857,0.14285714285714285,0.14285714285714285,0.42857142857142855,0.42857142857142855,0.3333333333333333,0.0,0.4028892455858748,0.0,0.39325842696629215,0.43820224719101125,0.3888888888888889,0.0,0.4253472222222222,0.4756944444444444
106,2015,Centre-du-quebec,Indeterminé,S,0.0,0.5,0.0,0.0,0.40625,0.34375,0.46875,0.0,0.16666666666666666,0.0,0.5,0.16666666666666666,0.25,0.525,0.325,0.0
107,2015,Centre-du-quebec,Logiciel,C,0.0,0.366412213740458,0.3702290076335878,0.45038167938931295,0.0,0.0,0.0,0.0,1.0,0.0,0.0,1.0,0.3076923076923077,0.0,0.46153846153846156,0.3076923076923077
108,2015,Centre-du-quebec,Logiciel,P,0.7272727272727273,0.13636363636363635,0.36363636363636365,0.0,0.16,0.52,0.44,0.0,0.4444444444444444,0.0,0.48148148148148145,0.3888888888888889,0.2,0.0,0.2,0.2
109,2015,Centre-du-quebec,Manuscript,C,0.0,0.0,0.5,0.0,0.0,0.6,0.4,0.0,1.0,0.0,1.0,0.0,0.5,0.0,0.0,0.0
110,2015,Chaudiere-appalaches,Indeterminé,C,0.0,0.375,0.25,0.625,0.09433962264150944,0.49056603773584906,0.2830188679245283,0.0,0.3,0.0,0.2,0.6,0.39925373134328357,0.0,0.417910447761194,0.4141791044776119
111,2015,Chaudiere-appalaches,Indeterminé,S,0.0,0.75,0.0,0.0,0.1774193548387097,0.4838709677419355,0.45161290322580644,0.0,0.3825136612021858,0.0,0.36885245901639346,0.505464480874317,0.1935483870967742,0.6129032258064516,0.25806451612903225,0.0
112,2015,Chaudiere-appalaches,Logiciel,C,0.0,0.37630662020905925,0.42334494773519166,0.47909407665505227,0.0,0.0,0.0,0.0,0.5,0.0,0.5,0.5,0.25,0.0,0.5,0.0
113,2015,Chaudiere-appalaches,Logiciel,P,0.6333333333333333,0.23333333333333334,0.3333333333333333,0.0,0.2777777777777778,0.3888888888888889,0.5,0.0,0.25,0.0,0.3333333333333333,0.4583333333333333,0.14285714285714285,0.0,0.0,0.42857142857142855
114,2015,Chaudiere-appalaches,Manuscript,C,0.0,0.3333333333333333,0.16666666666666666,0.8333333333333334,0.21739130434782608,0.30434782608695654,0.4782608695652174,0.0,0.0,0.0,0.0,0.0,0.6666666666666666,0.0,0.3333333333333333,0.0
115,2015,Chaudiere-appalaches,Manuscript,P,0.0,1.0,1.0,0.0,0.25833333333333336,0.48333333333333334,0.3,0.0,0.5,0.0,0.25,0.5,0.39565943238731216,0.0,0.41068447412353926,0.46243739565943237
116,2015,Cote-nord,Indeterminé,C,0.0,0.0,0.0,1.0,0.0,0.0,0.0,0.0,0.3125,0.0,0.125,0.1875,0.23809523809523808,0.47619047619047616,0.3333333333333333,0.0
117,2015,Cote-nord,Logiciel,C,0.0,0.3333333333333333,0.35714285714285715,0.42857142857142855,0.125,0.525,0.3,0.0,0.34278959810874704,0.0,0.41371158392434987,0.43617021276595747,0.3333333333333333,0.0,0.16666666666666666,0.5
118,2015,Cote-nord,Logiciel,P,0.6,0.2,0.2,0.0,0.5,0.0,0.0,0.0,0.3076923076923077,0.0,0.3076923076923077,0.15384615384615385,0.6666666666666666,0.0,0.6666666666666666,0.0
119,2015,Cote-nord,Manuscript,C,0.0,0.0,0.0,0.0,0.0,0.0,0.0,0.0,0.17857142857142858,0.0,0.2857142857142857,0.21428571428571427,0.0,0.0,0.0,0.0
120,2015,Estrie,Indeterminé,C,0.0,0.2857142857142857,0.7142857142857143,0.42857142857142855,0.15789473684210525,0.39473684210526316,0.2894736842105263,0.0,0.36795252225519287,0.0,0.3887240356083086,0.4411473788328388,0.0,0.0,1.0,0.0
121,2015,Estrie,Indeterminé,S,0.0,0.2222222222222222,0.4444444444444444,0.0,1.0,1.0,0.0,0.0,0.42105263157894735,0.0,0.5789473684210527,0.3157894736842105,0.35,0.0,0.325,0.45
122,2015,Estrie,Logiciel,C,0.0,0.36538461538461536,0.4198717948717949,0.4519230769230769,0.23809523809523808,0.42857142857142855,0.2857142857142857,0.0,0.1111111111111111,0.0,0.2222222222222222,0.3333333333333333,0.0,0.6,0.2,0.0
123,2015,Estrie,Logiciel,P,0.4666666666666667,0.26666666666666666,0.26666666666666666,0.0,,,,,0.33962264150943394,0.0,0.4088050314465409,0.48742138364779874,0.0,0.0,0.0,0.0
124,2015,Estrie,Manuscript,C,0.0,0.0,0.25,0.75,,,,,0.14285714285714285,0.0,0.35714285714285715,0.42857142857142855,0.0,0.0,0.0,0.0
125,2015,Gaspesie-iles-de-la-madeleine,Logiciel,C,0.0,0.5238095238095238,0.5238095238095238,0.47619047619047616,,,,,0.0,0.0,0.5,0.5,0.5,0.0,0.5,0.25
126,2015,Gaspesie-iles-de-la-madeleine,Logiciel,P,0.5555555555555556,0.2222222222222222,0.3333333333333333,0.0,,,,,0.37850467289719625,0.0,0.37850467289719625,0.4672897196261682,0.14285714285714285,0.0,0.5714285714285714,0.0
127,2015,Hors du quebec,Indeterminé,C,0.0,0.0,0.0,0.3333333333333333,,,,,0.2,0.0,0.2,0.4,0.3473389355742297,0.0,0.4369747899159664,0.4117647058823529
128,2015,Hors du quebec,Logiciel,C,0.0,0.375,0.25,0.375,,,,,0.1590909090909091,0.0,0.20454545454545456,0.29545454545454547,0.2702702702702703,0.40540540540540543,0.24324324324324326,0.0
129,2015,Lanaudiere,Indeterminé,C,0.0,0.06666666666666667,0.06666666666666667,0.3333333333333333,,,,,0.36551724137931035,0.0,0.3850574712643678,0.46264367816091956,0.2,0.0,0.4,0.4
130,2015,Lanaudiere,Indeterminé,S,0.0,0.46153846153846156,0.6153846153846154,0.0,,,,,0.3125,0.0,0.25,0.5625,0.0,0.0,0.0,0.0
131,2015,Lanaudiere,Logiciel,C,0.0,0.34379263301500684,0.35607094133697137,0.43519781718963163,,,,,0.25925925925925924,0.0,0.14814814814814814,0.14814814814814814,0.4782608695652174,0.0,0.30434782608695654,0.5217391304347826
132,2015,Lanaudiere,Logiciel,P,0.47435897435897434,0.20512820512820512,0.3974358974358974,0.0,,,,,0.32103825136612024,0.0,0.40027322404371585,0.44672131147540983,0.4,0.6,0.4,0.0
133,2015,Lanaudiere,Manuscript,C,0.0,0.5,0.5,0.5,,,,,0.2608695652173913,0.0,0.34782608695652173,0.391304347826087,0.0,0.0,0.0,0.6666666666666666
134,2015,Lanaudiere,Manuscript,P,0.0,0.0,0.0,0.0,,,,,0.46153846153846156,0.0,0.5384615384615384,0.46153846153846156,0.5,0.0,0.3333333333333333,0.16666666666666666
135,2015,Laurentides,Indeterminé,C,0.0,0.24242424242424243,0.24242424242424243,0.42424242424242425,,,,,0.18181818181818182,0.0,0.45454545454545453,0.36363636363636365,0.09090909090909091,0.0,0.0,0.5454545454545454
136,2015,Laurentides,Indeterminé,S,0.0,0.23529411764705882,0.5882352941176471,0.0,,,,,0.2734375,0.0,0.375,0.4296875,0.2,0.0,0.5,0.0
137,2015,Laurentides,Logiciel,C,0.0,0.3269230769230769,0.3947963800904977,0.43552036199095023,,,,,0.5,0.0,0.0,0.0,0.35185185185185186,0.0,0.3888888888888889,0.4654320987654321
138,2015,Laurentides,Logiciel,P,0.5063291139240507,0.22784810126582278,0.27848101265822783,0.0,,,,,0.25,0.0,0.0,0.4166666666666667,0.2682926829268293,0.4634146341463415,0.34146341463414637,0.0
139,2015,Laurentides,Manuscript,C,0.0,0.13636363636363635,0.4090909090909091,0.36363636363636365,,,,,0.3888888888888889,0.0,0.3472222222222222,0.4722222222222222,0.38461538461538464,0.0,0.3076923076923077,0.38461538461538464
140,2015,Laurentides,Manuscript,P,0.6,0.4,0.4,0.0,,,,,0.42857142857142855,0.0,0.42857142857142855,0.7142857142857143,0.16666666666666666,0.0,0.23333333333333334,0.2
141,2015,Laval,Indeterminé,C,0.0,0.16666666666666666,0.16666666666666666,0.16666666666666666,,,,,0.4095238095238095,0.0,0.41904761904761906,0.4666666666666667,0.17647058823529413,0.0,0.6470588235294118,0.0
142,2015,Laval,Indeterminé,S,0.0,0.0,0.0,0.0,,,,,0.2,0.0,0.0,0.2,0.3502202643171806,0.0,0.3832599118942731,0.43942731277533037
143,2015,Laval,Logiciel,C,0.0,0.33676975945017185,0.4054982817869416,0.44673539518900346,,,,,0.4009433962264151,0.0,0.3867924528301887,0.42452830188679247,0.26,0.45,0.36,0.0
144,2015,Laval,Logiciel,P,0.5263157894736842,0.2631578947368421,0.3684210526315789,0.0,,,,,0.0,0.0,0.0,0.5,0.3,0.0,0.43333333333333335,0.5333333333333333
145,2015,Laval,Manuscript,C,0.0,0.5,0.2,0.5,,,,,0.37360890302066774,0.0,0.4467408585055644,0.48807631160572335,0.3333333333333333,0.5,0.3333333333333333,0.0
146,2015,Laval,Manuscript,P,1.0,0.0,0.0,0.0,,,,,0.375,0.0,0.5,0.375,0.16666666666666666,0.0,0.3333333333333333,0.3333333333333333
147,2015,Mauricie,Indeterminé,C,0.0,0.0,0.5,0.3333333333333333,,,,,0.3767605633802817,0.0,0.39436619718309857,0.46830985915492956,0.0,0.0,0.0,0.0
148,2015,Mauricie,Indeterminé,S,0.0,0.0,0.3333333333333333,0.0,,,,,0.5,0.0,0.0,0.5,0.3180428134556575,0.0,0.4036697247706422,0.4954128440366973
149,2015,Mauricie,Logiciel,C,0.0,0.3721973094170404,0.4170403587443946,0.4798206278026906,,,,,0.42992125984251967,0.0,0.4377952755905512,0.5039370078740157,0.3181818181818182,0.5909090909090909,0.22727272727272727,0.0
150,2015,Mauricie,Logiciel,P,0.52,0.28,0.4,0.0,,,,,0.5,0.0,1.0,0.5,0.42857142857142855,0.0,0.21428571428571427,0.5
151,2015,Mauricie,Manuscript,C,0.0,0.25,0.25,0.25,,,,,0.4791666666666667,0.0,0.4791666666666667,0.3958333333333333,0.125,0.0,0.375,0.375
152,2015,Monteregie,Indeterminé,C,0.0,0.24390243902439024,0.2926829268292683,0.34146341463414637,,,,,0.5,0.0,0.5,0.5,0.0,0.0,0.5,0.0
153,2015,Monteregie,Indeterminé,S,0.0,0.21739130434782608,0.391304347826087,0.0,,,,,0.383248730964467,0.0,0.39847715736040606,0.4796954314720812,0.32793522267206476,0.0,0.41700404858299595,0.44534412955465585
154,2015,Monteregie,Logiciel,C,0.0,0.33910891089108913,0.39913366336633666,0.46534653465346537,,,,,0.2,0.0,0.4,0.4,0.21052631578947367,0.47368421052631576,0.42105263157894735,0.0
155,2015,Monteregie,Logiciel,P,0.47619047619047616,0.1746031746031746,0.3412698412698413,0.0,,,,,0.2727272727272727,0.0,0.5454545454545454,0.4090909090909091,0.3333333333333333,0.0,0.3333333333333333,0.3333333333333333
156,2015,Monteregie,Manuscript,C,0.0,0.22727272727272727,0.2727272727272727,0.36363636363636365,,,,,0.4,0.0,0.4,0.8,0.20454545454545456,0.0,0.25,0.3181818181818182
157,2015,Monteregie,Manuscript,P,0.6666666666666666,0.3333333333333333,0.5,0.0,,,,,0.3685446009389671,0.0,0.38028169014084506,0.4507042253521127,0.32,0.0,0.44,0.0
158,2015,Montreal,Indeterminé,C,0.0,0.05263157894736842,0.2631578947368421,0.2631578947368421,,,,,0.35714285714285715,0.0,0.5,0.2857142857142857,0.35714285714285715,0.0,0.3978794642857143,0.47265625
159,2015,Montreal,Indeterminé,S,0.0,0.2,0.4,0.0,,,,,0.36857142857142855,0.0,0.36095238095238097,0.44952380952380955,0.1830065359477124,0.39869281045751637,0.3333333333333333,0.0
160,2015,Montreal,Logiciel,C,0.0,0.33383458646616543,0.40601503759398494,0.43609022556390975,,,,,0.37037037037037035,0.0,0.37037037037037035,0.4074074074074074,0.17647058823529413,0.0,0.23529411764705882,0.47058823529411764
161,2015,Montreal,Logiciel,P,0.44,0.28,0.36,0.0,,,,,0.329700272479564,0.0,0.4359673024523161,0.4604904632152589,0.0,0.6,0.4,0.0
162,2015,Montreal,Manuscript,C,0.0,0.17647058823529413,0.35294117647058826,0.5294117647058824,,,,,0.2857142857142857,0.0,0.5,0.2857142857142857,0.15789473684210525,0.0,0.3157894736842105,0.3157894736842105
163,2015,Montreal,Manuscript,P,0.0,0.0,1.0,0.0,,,,,0.4057377049180328,0.0,0.4098360655737705,0.4713114754098361,0.3333333333333333,0.0,0.5,0.0
164,2015,Nord-du-quebec,Logiciel,C,0.0,0.3076923076923077,0.38461538461538464,0.3076923076923077,,,,,0.0,0.0,0.2,0.4,0.3702185792349727,0.0,0.3975409836065574,0.4685792349726776
165,2015,Outaouais,Indeterminé,C,0.0,0.35714285714285715,0.14285714285714285,0.21428571428571427,,,,,0.3790918690601901,0.0,0.3891235480464625,0.4530095036958817,0.2222222222222222,0.4074074074074074,0.4074074074074074,0.0
166,2015,Outaouais,Indeterminé,S,0.0,0.3,0.1,0.0,,,,,0.4782608695652174,0.0,0.2608695652173913,0.43478260869565216,0.16666666666666666,0.0,0.4166666666666667,0.5
167,2015,Outaouais,Logiciel,C,0.0,0.33992094861660077,0.4308300395256917,0.466403162055336,,,,,0.36134453781512604,0.0,0.3709483793517407,0.4225690276110444,0.5,0.5,0.5,0.0
168,2015,Outaouais,Logiciel,P,0.5238095238095238,0.21428571428571427,0.2857142857142857,0.0,,,,,0.21052631578947367,0.0,0.3684210526315789,0.42105263157894735,0.15384615384615385,0.0,0.3076923076923077,0.23076923076923078
169,2015,Outaouais,Manuscript,C,0.0,0.75,0.0,0.25,,,,,0.16666666666666666,0.0,0.4444444444444444,0.2222222222222222,0.0,0.0,0.0,0.0
170,2015,Outaouais,Manuscript,P,0.5,0.0,0.0,0.0,,,,,0.3738019169329074,0.0,0.3993610223642173,0.46645367412140576,0.15384615384615385,0.0,0.07692307692307693,0.3076923076923077
171,2015,Saguenay-lac-saint-jean,Indeterminé,C,0.0,0.2857142857142857,0.0,0.2857142857142857,,,,,0.0,0.0,0.0,0.0,0.18181818181818182,0.0,0.18181818181818182,0.0
172,2015,Saguenay-lac-saint-jean,Indeterminé,S,0.0,0.0,0.5,0.0,,,,,0.4009433962264151,0.0,0.41509433962264153,0.5,0.3357664233576642,0.0,0.39416058394160586,0.49635036496350365
173,2015,Saguenay-lac-saint-jean,Logiciel,C,0.0,0.397196261682243,0.397196261682243,0.49065420560747663,,,,,0.2,0.0,0.4,0.4,0.18,0.48,0.34,0.0
174,2015,Saguenay-lac-saint-jean,Logiciel,P,0.5294117647058824,0.11764705882352941,0.4117647058823529,0.0,,,,,0.0,0.0,0.0,0.0,0.6666666666666666,0.0,0.0,0.3333333333333333
175,2015,Saguenay-lac-saint-jean,Manuscript,C,0.0,0.5,0.25,0.75,,,,,0.4215686274509804,0.0,0.3431372549019608,0.4411764705882353,0.0,0.0,0.5,0.0
176,2016,Abitibi-temiscamingue,Indeterminé,S,0.0,0.5,0.5,0.0,,,,,0.3333333333333333,0.0,0.0,0.0,0.1,0.0,0.2,0.5
177,2016,Abitibi-temiscamingue,Logiciel,C,0.0,0.46956521739130436,0.3652173913043478,0.41739130434782606,,,,,0.0,0.0,0.3333333333333333,0.6666666666666666,0.0,0.0,0.5,0.0
178,2016,Abitibi-temiscamingue,Logiciel,P,0.6470588235294118,0.058823529411764705,0.4117647058823529,0.0,,,,,0.36199095022624433,0.0,0.416289592760181,0.5656108597285068,0.4221105527638191,0.0,0.40703517587939697,0.4472361809045226
179,2016,Abitibi-temiscamingue,Manuscript,C,0.0,0.0,0.0,0.0,,,,,0.3333333333333333,0.0,0.6666666666666666,0.3333333333333333,0.3684210526315789,0.5789473684210527,0.47368421052631576,0.0
180,2016,Abitibi-temiscamingue,Manuscript,P,0.5,0.5,0.5,0.0,,,,,0.2,0.0,0.4,0.35,0.3333333333333333,0.0,0.0,0.3333333333333333
181,2016,Bas-saint-laurent,Indeterminé,C,0.0,0.0,0.5,0.0,,,,,0.39603960396039606,0.0,0.4141914191419142,0.40924092409240925,0.3333333333333333,0.0,0.3333333333333333,0.0
182,2016,Bas-saint-laurent,Indeterminé,S,0.0,0.0,0.0,0.0,,,,,0.42857142857142855,0.0,0.5714285714285714,0.21428571428571427,0.4473684210526316,0.0,0.45614035087719296,0.5350877192982456
183,2016,Bas-saint-laurent,Logiciel,C,0.0,0.405,0.41,0.5,,,,,0.3333333333333333,0.0,0.3333333333333333,0.5,0.06666666666666667,0.6666666666666666,0.4,0.0
184,2016,Bas-saint-laurent,Logiciel,P,0.30434782608695654,0.2608695652173913,0.30434782608695654,0.0,,,,,0.36860068259385664,0.0,0.3890784982935154,0.46075085324232085,0.5,0.5,0.5,0.0
185,2016,Bas-saint-laurent,Manuscript,C,0.0,0.5,0.25,0.25,,,,,0.0,0.0,0.3333333333333333,0.3333333333333333,0.0,0.0,0.3333333333333333,0.3333333333333333
186,2016,Bas-saint-laurent,Manuscript,P,1.0,0.0,0.0,0.0,,,,,0.26666666666666666,0.0,0.2,0.4666666666666667,0.42857142857142855,0.0,0.14285714285714285,0.0
187,2016,Capitale-nationale,Indeterminé,C,0.0,0.17647058823529413,0.11764705882352941,0.35294117647058826,,,,,0.42022116903633494,0.0,0.3854660347551343,0.5102685624012638,0.3948497854077253,0.0,0.38197424892703863,0.45064377682403434
188,2016,Capitale-nationale,Indeterminé,S,0.0,0.1111111111111111,0.4444444444444444,0.0,,,,,0.6666666666666666,0.0,0.3333333333333333,0.5555555555555556,0.2222222222222222,0.2962962962962963,0.37037037037037035,0.0
189,2016,Capitale-nationale,Logiciel,C,0.0,0.3428030303030303,0.3712121212121212,0.44886363636363635,,,,,1.0,0.0,0.0,0.0,0.25,0.0,0.25,0.5
190,2016,Capitale-nationale,Logiciel,P,0.4146341463414634,0.4146341463414634,0.43902439024390244,0.0,,,,,0.21818181818181817,0.0,0.23636363636363636,0.4727272727272727,0.2,0.0,0.13333333333333333,0.26666666666666666
191,2016,Capitale-nationale,Manuscript,C,0.0,0.5,0.5,0.4166666666666667,,,,,0.1,0.0,0.1,0.5,0.2,0.0,0.3,0.0
192,2016,Capitale-nationale,Manuscript,P,1.0,0.0,1.0,0.0,,,,,0.3314917127071823,0.0,0.425414364640884,0.4419889502762431,0.36553945249597425,0.0,0.37681159420289856,0.45088566827697263
193,2016,Centre-du-quebec,Indeterminé,C,0.0,0.3333333333333333,0.16666666666666666,0.0,,,,,0.25,0.0,0.0,0.5,0.22950819672131148,0.4098360655737705,0.3770491803278688,0.0
194,2016,Centre-du-quebec,Indeterminé,S,0.0,1.0,1.0,0.0,,,,,0.3181818181818182,0.0,0.4090909090909091,0.36363636363636365,0.46153846153846156,0.0,0.38461538461538464,0.23076923076923078
195,2016,Centre-du-quebec,Logiciel,C,0.0,0.3713235294117647,0.40808823529411764,0.47794117647058826,,,,,0.0,0.0,0.0,0.0,0.0,0.6666666666666666,0.6666666666666666,0.0
196,2016,Centre-du-quebec,Logiciel,P,0.625,0.125,0.375,0.0,,,,,0.3,0.0,0.2,0.5,0.14285714285714285,0.0,0.42857142857142855,0.2857142857142857
197,2016,Centre-du-quebec,Manuscript,C,0.0,0.0,0.25,0.0,,,,,0.39285714285714285,0.0,0.17857142857142858,0.2857142857142857,0.0,0.0,0.0,0.0
198,2016,Chaudiere-appalaches,Indeterminé,C,0.0,0.1,0.1,0.1,,,,,0.36769759450171824,0.0,0.3928980526918671,0.4650630011454754,0.39057239057239057,0.0,0.32996632996632996,0.4713804713804714
199,2016,Chaudiere-appalaches,Indeterminé,S,0.0,0.0,0.6666666666666666,0.0,,,,,0.2727272727272727,0.0,0.36363636363636365,0.2727272727272727,0.18518518518518517,0.48148148148148145,0.48148148148148145,0.0
200,2016,Chaudiere-appalaches,Logiciel,C,0.0,0.3758503401360544,0.4166666666666667,0.4574829931972789,,,,,0.43478260869565216,0.0,0.21739130434782608,0.30434782608695654,0.25,0.0,0.25,0.25
201,2016,Chaudiere-appalaches,Logiciel,P,0.4827586206896552,0.1724137931034483,0.5172413793103449,0.0,,,,,0.3056325023084026,0.0,0.39981532779316714,0.45891043397968606,0.125,0.0,0.125,0.125
202,2016,Chaudiere-appalaches,Manuscript,C,0.0,0.125,0.375,0.5,,,,,0.19230769230769232,0.0,0.4230769230769231,0.5384615384615384,0.0,0.0,0.0,0.0
203,2016,Chaudiere-appalaches,Manuscript,P,0.75,0.0,0.5,0.0,,,,,0.18181818181818182,0.0,0.09090909090909091,0.18181818181818182,0.3717948717948718,0.0,0.38461538461538464,0.4407051282051282
204,2016,Cote-nord,Indeterminé,C,0.0,1.0,0.0,1.0,,,,,0.26443768996960487,0.0,0.3617021276595745,0.45592705167173253,0.16666666666666666,0.375,0.3958333333333333,0.0
205,2016,Cote-nord,Logiciel,C,0.0,0.4878048780487805,0.36585365853658536,0.3170731707317073,,,,,0.4,0.0,0.4,0.4,0.2857142857142857,0.0,0.42857142857142855,0.2857142857142857
206,2016,Cote-nord,Logiciel,P,0.5,0.5,0.25,0.0,,,,,0.4,0.0,0.2,0.4,0.0,0.5,0.0,0.0
207,2016,Cote-nord,Manuscript,P,0.0,0.0,1.0,0.0,,,,,0.37549407114624506,0.0,0.3715415019762846,0.4624505928853755,1.0,0.0,0.0,1.0
208,2016,Estrie,Indeterminé,C,0.0,0.625,0.125,0.375,,,,,0.42857142857142855,0.0,0.5714285714285714,0.7142857142857143,0.0,0.0,0.0,0.0
209,2016,Estrie,Indeterminé,S,0.0,0.25,0.0,0.0,,,,,0.18181818181818182,0.0,0.3409090909090909,0.36363636363636365,0.4222222222222222,0.0,0.3333333333333333,0.35555555555555557
210,2016,Estrie,Logiciel,C,0.0,0.36257309941520466,0.39766081871345027,0.4853801169590643,,,,,0.36481577581733265,0.0,0.41567202906071615,0.5049299429164504,0.375,0.5,0.25,0.0
211,2016,Estrie,Logiciel,P,0.4074074074074074,0.14814814814814814,0.48148148148148145,0.0,,,,,0.13333333333333333,0.0,0.4,0.4,0.0,0.0,1.0,0.0
212,2016,Estrie,Manuscript,C,0.0,1.0,0.0,1.0,,,,,0.22727272727272727,0.0,0.22727272727272727,0.3181818181818182,0.42857142857142855,0.0,0.42857142857142855,0.42857142857142855
213,2016,Gaspesie-iles-de-la-madeleine,Logiciel,C,0.0,0.2857142857142857,0.35714285714285715,0.5714285714285714,,,,,0.256857855361596,0.0,0.4027431421446384,0.4177057356608479,0.125,0.0,0.25,0.0
214,2016,Gaspesie-iles-de-la-madeleine,Logiciel,P,0.7142857142857143,0.2857142857142857,0.2857142857142857,0.0,,,,,0.25,0.0,0.4,0.4,0.4051948051948052,0.0,0.37662337662337664,0.5012987012987012
215,2016,Hors du quebec,Indeterminé,C,0.0,0.5,0.0,0.0,,,,,0.15384615384615385,0.0,0.46153846153846156,0.6153846153846154,0.25,0.4375,0.5625,0.0
216,2016,Hors du quebec,Logiciel,C,0.0,0.36363636363636365,0.09090909090909091,0.5454545454545454,,,,,0.23076923076923078,0.0,0.15384615384615385,0.23076923076923078,0.5,0.0,0.25,0.25
217,2016,Lanaudiere,Indeterminé,C,0.0,0.2727272727272727,0.09090909090909091,0.36363636363636365,,,,,0.3797909407665505,0.0,0.37282229965156793,0.4250871080139373,0.0,1.0,0.0,0.0
218,2016,Lanaudiere,Indeterminé,S,0.0,0.0,0.5833333333333334,0.0,,,,,0.25,0.0,0.5,0.25,0.35,0.0,0.25,0.45
219,2016,Lanaudiere,Logiciel,C,0.0,0.31679389312977096,0.41603053435114506,0.4631043256997455,,,,,0.0,0.0,0.14285714285714285,0.42857142857142855,0.0,0.7142857142857143,0.2857142857142857,0.0
220,2016,Lanaudiere,Logiciel,P,0.5373134328358209,0.208955223880597,0.29850746268656714,0.0,,,,,0.3619047619047619,0.0,0.4,0.4714285714285714,1.0,0.0,0.0,0.0
221,2016,Lanaudiere,Manuscript,C,0.0,0.46153846153846156,0.3076923076923077,0.3076923076923077,,,,,0.3333333333333333,0.0,0.3333333333333333,0.3333333333333333,0.6,0.0,0.3,0.4
222,2016,Lanaudiere,Manuscript,P,0.5,0.5,0.5,0.0,,,,,,,,,1.0,0.0,0.0,0.0
223,2016,Laurentides,Indeterminé,C,0.0,0.3,0.25,0.3,,,,,,,,,0.13333333333333333,0.0,0.0,0.3333333333333333
224,2016,Laurentides,Indeterminé,S,0.0,0.2777777777777778,0.3333333333333333,0.0,,,,,,,,,0.18181818181818182,0.0,0.45454545454545453,0.0
225,2016,Laurentides,Logiciel,C,0.0,0.33577405857740583,0.3817991631799163,0.45292887029288703,,,,,,,,,0.3368920521945433,0.0,0.40569395017793597,0.4638196915776987
226,2016,Laurentides,Logiciel,P,0.5128205128205128,0.14102564102564102,0.3333333333333333,0.0,,,,,,,,,0.2222222222222222,0.4691358024691358,0.37037037037037035,0.0
227,2016,Laurentides,Manuscript,C,0.0,0.4074074074074074,0.4444444444444444,0.2962962962962963,,,,,,,,,0.46153846153846156,0.0,0.23076923076923078,0.3076923076923077
228,2016,Laurentides,Manuscript,P,0.25,0.0,0.5,0.0,,,,,,,,,0.0,0.0,0.0,0.0
229,2016,Laval,Indeterminé,C,0.0,0.16666666666666666,0.16666666666666666,0.25,,,,,,,,,0.2,0.0,0.23333333333333334,0.3333333333333333
230,2016,Laval,Indeterminé,S,0.0,0.0,0.0,0.0,,,,,,,,,0.42105263157894735,0.0,0.3684210526315789,0.0
231,2016,Laval,Logiciel,C,0.0,0.30689655172413793,0.4,0.4793103448275862,,,,,,,,,0.3422562141491396,0.0,0.4063097514340344,0.4627151051625239
232,2016,Laval,Logiciel,P,0.36666666666666664,0.06666666666666667,0.4,0.0,,,,,,,,,0.20689655172413793,0.40229885057471265,0.39080459770114945,0.0
233,2016,Laval,Manuscript,C,0.0,0.15384615384615385,0.46153846153846156,0.46153846153846156,,,,,,,,,0.3225806451612903,0.0,0.3225806451612903,0.3225806451612903
234,2016,Laval,Manuscript,P,0.0,0.0,1.0,0.0,,,,,,,,,0.25,0.0,0.5,0.0
235,2016,Mauricie,Indeterminé,C,0.0,0.0,0.3333333333333333,0.6666666666666666,,,,,,,,,0.2222222222222222,0.0,0.4444444444444444,0.3333333333333333
236,2016,Mauricie,Indeterminé,S,0.0,0.0,0.0,0.0,,,,,,,,,0.0,0.0,0.3333333333333333,0.0
237,2016,Mauricie,Logiciel,C,0.0,0.3918918918918919,0.36936936936936937,0.46846846846846846,,,,,,,,,0.3474576271186441,0.0,0.3954802259887006,0.4548022598870056
238,2016,Mauricie,Logiciel,P,0.43478260869565216,0.13043478260869565,0.391304347826087,0.0,,,,,,,,,0.25,0.53125,0.3125,0.0
239,2016,Mauricie,Manuscript,C,0.0,0.0,0.4,0.6,,,,,,,,,0.4166666666666667,0.0,0.5833333333333334,0.25
240,2016,Mauricie,Manuscript,P,0.0,0.0,0.0,0.0,,,,,,,,,0.0,0.0,1.0,0.0
241,2016,Monteregie,Indeterminé,C,0.0,0.13953488372093023,0.23255813953488372,0.18604651162790697,,,,,,,,,0.25,0.0,0.25,0.5
242,2016,Monteregie,Indeterminé,S,0.0,0.3448275862068966,0.20689655172413793,0.0,,,,,,,,,0.0,0.0,0.0,0.0
243,2016,Monteregie,Logiciel,C,0.0,0.344424985405721,0.4016345592527729,0.4553415061295972,,,,,,,,,0.36507936507936506,0.0,0.376984126984127,0.4523809523809524
244,2016,Monteregie,Logiciel,P,0.4840764331210191,0.14012738853503184,0.29936305732484075,0.0,,,,,,,,,0.2692307692307692,0.38461538461538464,0.38461538461538464,0.0
245,2016,Monteregie,Manuscript,C,0.0,0.2857142857142857,0.2857142857142857,0.5714285714285714,,,,,,,,,0.16666666666666666,0.0,0.0,0.3333333333333333
246,2016,Monteregie,Manuscript,P,0.0,0.0,0.5,0.0,,,,,,,,,0.0,0.0,0.0,0.0
247,2016,Montreal,Indeterminé,C,0.0,0.20833333333333334,0.125,0.16666666666666666,,,,,,,,,0.16666666666666666,0.0,0.25,0.2916666666666667
248,2016,Montreal,Indeterminé,S,0.0,0.2857142857142857,0.2857142857142857,0.0,,,,,,,,,0.3225806451612903,0.0,0.1935483870967742,0.0
249,2016,Montreal,Logiciel,C,0.0,0.300561797752809,0.3707865168539326,0.4044943820224719,,,,,,,,,0.36908002177463256,0.0,0.40119760479041916,0.49101796407185627
250,2016,Montreal,Logiciel,P,0.375,0.21428571428571427,0.39285714285714285,0.0,,,,,,,,,0.16149068322981366,0.5590062111801242,0.35403726708074534,0.0
251,2016,Montreal,Manuscript,C,0.0,0.3076923076923077,0.3076923076923077,0.5384615384615384,,,,,,,,,0.3,0.0,0.3,0.35
252,2016,Nord-du-quebec,Indeterminé,S,0.0,0.0,0.0,0.0,,,,,,,,,0.0,0.25,0.25,0.0
253,2016,Nord-du-quebec,Logiciel,C,0.0,0.29411764705882354,0.4117647058823529,0.35294117647058826,,,,,,,,,0.17391304347826086,0.0,0.043478260869565216,0.17391304347826086
254,2016,Outaouais,Indeterminé,C,0.0,0.08333333333333333,0.16666666666666666,0.5,,,,,,,,,0.3333333333333333,0.0,0.4444444444444444,0.0
255,2016,Outaouais,Indeterminé,S,0.0,0.21428571428571427,0.2857142857142857,0.0,,,,,,,,,0.3127413127413127,0.0,0.36164736164736166,0.42213642213642216
256,2016,Outaouais,Logiciel,C,0.0,0.3157894736842105,0.3894736842105263,0.4280701754385965,,,,,,,,,0.24528301886792453,0.3584905660377358,0.32075471698113206,0.0
257,2016,Outaouais,Logiciel,P,0.5471698113207547,0.16981132075471697,0.33962264150943394,0.0,,,,,,,,,0.3,0.0,0.3,0.3
258,2016,Outaouais,Manuscript,C,0.0,0.2857142857142857,0.42857142857142855,0.14285714285714285,,,,,,,,,0.0,0.0,0.0,0.0
259,2016,Saguenay-lac-saint-jean,Indeterminé,C,0.0,0.23076923076923078,0.07692307692307693,0.38461538461538464,,,,,,,,,0.42857142857142855,0.0,0.2857142857142857,0.35714285714285715
260,2016,Saguenay-lac-saint-jean,Indeterminé,S,0.0,0.0,0.0,0.0,,,,,,,,,0.2727272727272727,0.0,0.36363636363636365,0.36363636363636365
261,2016,Saguenay-lac-saint-jean,Logiciel,C,0.0,0.35514018691588783,0.35046728971962615,0.46261682242990654,,,,,,,,,0.25,0.0,0.25,0.0
262,2016,Saguenay-lac-saint-jean,Logiciel,P,0.5909090909090909,0.22727272727272727,0.18181818181818182,0.0,,,,,,,,,0.370253164556962,0.0,0.3575949367088608,0.40822784810126583
263,2016,Saguenay-lac-saint-jean,Manuscript,C,0.0,0.0,1.0,0.3333333333333333,,,,,,,,,0.19444444444444445,0.5277777777777778,0.2777777777777778,0.0
264,2017,Abitibi-temiscamingue,Indeterminé,S,0.0,0.0,0.0,0.0,,,,,,,,,0.6,0.0,0.6,0.2
265,2017,Abitibi-temiscamingue,Logiciel,C,0.0,0.4174757281553398,0.39805825242718446,0.4368932038834951,,,,,,,,,0.0,0.5,0.0,0.0
266,2017,Abitibi-temiscamingue,Logiciel,P,0.4,0.4,0.4,0.0,,,,,,,,,0.3333333333333333,0.0,0.2222222222222222,0.2222222222222222
267,2017,Abitibi-temiscamingue,Manuscript,C,0.0,0.0,0.0,0.0,,,,,,,,,0.5,0.0,0.0,0.0
268,2017,Abitibi-temiscamingue,Manuscript,P,1.0,0.0,1.0,0.0,,,,,,,,,0.37610619469026546,0.0,0.336283185840708,0.4690265486725664
269,2017,Bas-saint-laurent,Indeterminé,S,0.0,0.0,0.0,0.0,,,,,,,,,0.20833333333333334,0.5416666666666666,0.20833333333333334,0.0
270,2017,Bas-saint-laurent,Logiciel,C,0.0,0.37628865979381443,0.3865979381443299,0.4690721649484536,,,,,,,,,0.6666666666666666,0.0,0.3333333333333333,0.6666666666666666
271,2017,Bas-saint-laurent,Logiciel,P,0.46153846153846156,0.19230769230769232,0.38461538461538464,0.0,,,,,,,,,0.0,0.0,1.0,0.0
272,2017,Bas-saint-laurent,Manuscript,C,0.0,0.3333333333333333,0.3333333333333333,0.3333333333333333,,,,,,,,,0.0,0.0,0.0,0.0
273,2017,Capitale-nationale,Indeterminé,S,0.0,0.7142857142857143,1.0,0.0,,,,,,,,,0.3669724770642202,0.0,0.43119266055045874,0.47706422018348627
274,2017,Capitale-nationale,Logiciel,C,0.0,0.35221238938053095,0.4088495575221239,0.44424778761061945,,,,,,,,,0.46153846153846156,0.38461538461538464,0.38461538461538464,0.0
275,2017,Capitale-nationale,Logiciel,P,0.42592592592592593,0.37037037037037035,0.2962962962962963,0.0,,,,,,,,,0.0,0.0,0.0,0.0
276,2017,Capitale-nationale,Manuscript,C,0.0,0.47368421052631576,0.42105263157894735,0.21052631578947367,,,,,,,,,0.0,0.0,0.0,0.0
277,2017,Capitale-nationale,Manuscript,P,0.3333333333333333,0.0,0.3333333333333333,0.0,,,,,,,,,0.42028985507246375,0.0,0.4251207729468599,0.46859903381642515
278,2017,Centre-du-quebec,Indeterminé,S,0.0,0.3333333333333333,0.0,0.0,,,,,,,,,0.20689655172413793,0.4827586206896552,0.3793103448275862,0.0
279,2017,Centre-du-quebec,Logiciel,C,0.0,0.3665480427046263,0.3914590747330961,0.4483985765124555,,,,,,,,,0.5,0.0,0.7,0.0
280,2017,Centre-du-quebec,Logiciel,P,0.6190476190476191,0.47619047619047616,0.38095238095238093,0.0,,,,,,,,,0.3825396825396825,0.0,0.4174603174603175,0.4444444444444444
281,2017,Centre-du-quebec,Manuscript,C,0.0,0.0,0.0,0.5,,,,,,,,,0.4230769230769231,0.4230769230769231,0.2692307692307692,0.0
282,2017,Chaudiere-appalaches,Indeterminé,S,0.0,0.0,0.6666666666666666,0.0,,,,,,,,,0.4,0.0,0.4,0.5333333333333333
283,2017,Chaudiere-appalaches,Logiciel,C,0.0,0.4029605263157895,0.4144736842105263,0.47368421052631576,,,,,,,,,0.0,0.0,1.0,0.0
284,2017,Chaudiere-appalaches,Logiciel,P,0.4857142857142857,0.2571428571428571,0.37142857142857144,0.0,,,,,,,,,0.0,0.0,0.0,0.0
285,2017,Chaudiere-appalaches,Manuscript,C,0.0,0.3333333333333333,0.4444444444444444,0.3333333333333333,,,,,,,,,0.40064102564102566,0.0,0.38782051282051283,0.48717948717948717
286,2017,Chaudiere-appalaches,Manuscript,P,0.0,1.0,0.0,0.0,,,,,,,,,0.5,0.6818181818181818,0.3181818181818182,0.0
287,2017,Cote-nord,Logiciel,C,0.0,0.35714285714285715,0.38095238095238093,0.5,,,,,,,,,1.0,0.0,0.5,0.5
288,2017,Cote-nord,Logiciel,P,0.0,0.4,0.2,0.0,,,,,,,,,0.5,0.0,0.16666666666666666,0.0
289,2017,Cote-nord,Manuscript,C,0.0,0.0,1.0,1.0,,,,,,,,,0.41887905604719766,0.0,0.41887905604719766,0.4911504424778761
290,2017,Cote-nord,Manuscript,P,1.0,0.0,1.0,0.0,,,,,,,,,0.42857142857142855,0.4857142857142857,0.4,0.0
291,2017,Estrie,Indeterminé,S,0.0,0.14285714285714285,0.14285714285714285,0.0,,,,,,,,,0.5555555555555556,0.0,0.5555555555555556,0.3333333333333333
292,2017,Estrie,Logiciel,C,0.0,0.3850746268656716,0.3880597014925373,0.4955223880597015,,,,,,,,,1.0,0.0,0.0,0.0
293,2017,Estrie,Logiciel,P,0.3870967741935484,0.16129032258064516,0.3225806451612903,0.0,,,,,,,,,0.5319148936170213,0.0,0.574468085106383,0.5106382978723404
294,2017,Gaspesie-iles-de-la-madeleine,Logiciel,C,0.0,0.2962962962962963,0.4444444444444444,0.5925925925925926,,,,,,,,,0.25,0.25,0.25,0.0
295,2017,Gaspesie-iles-de-la-madeleine,Logiciel,P,0.75,0.0,0.0,0.0,,,,,,,,,0.5,0.0,0.5,0.5
296,2017,Hors du quebec,Logiciel,C,0.0,0.3333333333333333,0.16666666666666666,0.6666666666666666,,,,,,,,,1.0,0.0,1.0,0.0
297,2017,Lanaudiere,Indeterminé,S,0.0,0.5384615384615384,0.3076923076923077,0.0,,,,,,,,,0.18181818181818182,0.0,0.45454545454545453,0.0
298,2017,Lanaudiere,Logiciel,C,0.0,0.3354350567465322,0.3770491803278688,0.4312736443883985,,,,,,,,,0.4139650872817955,0.0,0.4239401496259352,0.46384039900249374
299,2017,Lanaudiere,Logiciel,P,0.43283582089552236,0.31343283582089554,0.43283582089552236,0.0,,,,,,,,,0.3157894736842105,0.5,0.2894736842105263,0.0
300,2017,Lanaudiere,Manuscript,C,0.0,0.21428571428571427,0.2857142857142857,0.35714285714285715,,,,,,,,,0.42857142857142855,0.0,0.42857142857142855,0.0
301,2017,Lanaudiere,Manuscript,P,0.5,0.0,1.0,0.0,,,,,,,,,0.0,0.0,1.0,0.0
302,2017,Laurentides,Indeterminé,P,0.0,0.0,1.0,0.0,,,,,,,,,0.24,0.0,0.56,0.52
303,2017,Laurentides,Indeterminé,S,0.0,0.38095238095238093,0.2857142857142857,0.0,,,,,,,,,0.5,0.625,0.25,0.0
304,2017,Laurentides,Logiciel,C,0.0,0.3538767395626243,0.4085487077534791,0.4850894632206759,,,,,,,,,0.4444444444444444,0.0,0.3333333333333333,0.3333333333333333
305,2017,Laurentides,Logiciel,P,0.4583333333333333,0.2361111111111111,0.2638888888888889,0.0,,,,,,,,,0.29411764705882354,0.0,0.23529411764705882,0.0
306,2017,Laurentides,Manuscript,C,0.0,0.4,0.4,0.5,,,,,,,,,0.3650615901455767,0.0,0.3840985442329227,0.4423292273236282
307,2017,Laurentides,Manuscript,P,0.5,0.25,0.25,0.0,,,,,,,,,0.2054794520547945,0.4520547945205479,0.4383561643835616,0.0
308,2017,Laval,Indeterminé,S,0.0,0.0,0.3333333333333333,0.0,,,,,,,,,0.07692307692307693,0.0,0.3076923076923077,0.46153846153846156
309,2017,Laval,Logiciel,C,0.0,0.3440514469453376,0.42443729903536975,0.4405144694533762,,,,,,,,,0.0,1.0,0.3333333333333333,0.0
310,2017,Laval,Logiciel,P,0.3888888888888889,0.3333333333333333,0.4444444444444444,0.0,,,,,,,,,0.3333333333333333,0.0,0.375,0.0
311,2017,Laval,Manuscript,C,0.0,0.4,0.4666666666666667,0.3333333333333333,,,,,,,,,0.3708609271523179,0.0,0.38315988647114474,0.467360454115421
312,2017,Mauricie,Indeterminé,S,0.0,0.0,0.0,0.0,,,,,,,,,0.24050632911392406,0.4936708860759494,0.24050632911392406,0.0
313,2017,Mauricie,Logiciel,C,0.0,0.356,0.404,0.48,,,,,,,,,0.32432432432432434,0.0,0.32432432432432434,0.40540540540540543
314,2017,Mauricie,Logiciel,P,0.5151515151515151,0.21212121212121213,0.3333333333333333,0.0,,,,,,,,,0.6,0.4,0.4,0.0
315,2017,Mauricie,Manuscript,C,0.0,0.0,0.16666666666666666,0.3333333333333333,,,,,,,,,0.0,0.0,0.5,0.0
316,2017,Monteregie,Indeterminé,S,0.0,0.25806451612903225,0.3225806451612903,0.0,,,,,,,,,0.3472222222222222,0.0,0.3972222222222222,0.44722222222222224
317,2017,Monteregie,Logiciel,C,0.0,0.3739612188365651,0.40498614958448753,0.48698060941828253,,,,,,,,,0.19230769230769232,0.46153846153846156,0.38461538461538464,0.0
318,2017,Monteregie,Logiciel,P,0.5153374233128835,0.22699386503067484,0.3619631901840491,0.0,,,,,,,,,0.3125,0.0,0.5,0.5
319,2017,Monteregie,Manuscript,C,0.0,0.4166666666666667,0.2916666666666667,0.375,,,,,,,,,0.16666666666666666,0.0,0.0,0.0
320,2017,Monteregie,Manuscript,P,0.75,0.5,0.75,0.0,,,,,,,,,0.35684647302904565,0.0,0.3278008298755187,0.4190871369294606
321,2017,Montreal,Indeterminé,S,0.0,0.4,0.0,0.0,,,,,,,,,0.17857142857142858,0.5,0.17857142857142858,0.0
322,2017,Montreal,Logiciel,C,0.0,0.34432717678100266,0.3654353562005277,0.42480211081794195,,,,,,,,,0.0,0.0,0.4,0.2
323,2017,Montreal,Logiciel,P,0.4166666666666667,0.23333333333333334,0.3,0.0,,,,,,,,,0.0,0.0,0.0,0.0
324,2017,Montreal,Manuscript,C,0.0,0.14285714285714285,0.2857142857142857,0.2857142857142857,,,,,,,,,0.38235294117647056,0.0,0.4411764705882353,0.0
325,2017,Montreal,Manuscript,P,0.0,0.0,0.5,0.0,,,,,,,,,0.3860852523272905,0.0,0.40225379715825577,0.4620284174424302
326,2017,Nord-du-quebec,Logiciel,C,0.0,0.3181818181818182,0.36363636363636365,0.36363636363636365,,,,,,,,,0.3057324840764331,0.49044585987261147,0.3057324840764331,0.0
327,2017,Outaouais,Indeterminé,S,0.0,0.2727272727272727,0.2727272727272727,0.0,,,,,,,,,0.37142857142857144,0.0,0.22857142857142856,0.4
328,2017,Outaouais,Logiciel,C,0.0,0.3694915254237288,0.4067796610169492,0.47796610169491527,,,,,,,,,0.3333333333333333,0.6666666666666666,1.0,0.0
329,2017,Outaouais,Logiciel,P,0.4,0.225,0.35,0.0,,,,,,,,,0.4,0.0,0.3,0.0
330,2017,Outaouais,Manuscript,C,0.0,0.25,0.25,0.25,,,,,,,,,0.38674698795180723,0.0,0.36626506024096384,0.44457831325301206
331,2017,Outaouais,Manuscript,P,0.0,1.0,1.0,0.0,,,,,,,,,0.24489795918367346,0.3469387755102041,0.2653061224489796,0.0
332,2017,Saguenay-lac-saint-jean,Indeterminé,S,0.0,0.0,0.5,0.0,,,,,,,,,0.25,0.0,0.3125,0.25
333,2017,Saguenay-lac-saint-jean,Logiciel,C,0.0,0.35545023696682465,0.4028436018957346,0.4312796208530806,,,,,,,,,0.0,0.5,0.5,0.0
334,2017,Saguenay-lac-saint-jean,Logiciel,P,0.6190476190476191,0.42857142857142855,0.38095238095238093,0.0,,,,,,,,,1.0,0.0,0.0,0.0
335,2017,Saguenay-lac-saint-jean,Manuscript,C,0.0,0.0,0.5,0.5,,,,,,,,,0.38461538461538464,0.0,0.46153846153846156,0.38461538461538464
336,2017,Saguenay-lac-saint-jean,Manuscript,P,1.0,1.0,0.0,0.0,,,,,,,,,0.5,0.0,0.0,0.0
337,2018,Abitibi-temiscamingue,Indeterminé,S,0.0,0.3333333333333333,0.3333333333333333,0.0,,,,,,,,,0.35714285714285715,0.0,0.21428571428571427,0.0
338,2018,Abitibi-temiscamingue,Logiciel,C,0.0,0.38317757009345793,0.411214953271028,0.4205607476635514,,,,,,,,,0.38175675675675674,0.0,0.3783783783783784,0.42905405405405406
339,2018,Abitibi-temiscamingue,Logiciel,P,0.42857142857142855,0.14285714285714285,0.2857142857142857,0.0,,,,,,,,,0.19148936170212766,0.46808510638297873,0.2127659574468085,0.0
340,2018,Abitibi-temiscamingue,Manuscript,P,0.0,0.0,1.0,0.0,,,,,,,,,0.4,0.0,0.4,0.0
341,2018,Bas-saint-laurent,Indeterminé,C,0.0,0.0,0.5,0.5,,,,,,,,,1.0,0.5,0.5,0.0
342,2018,Bas-saint-laurent,Indeterminé,S,0.0,0.5,0.0,0.0,,,,,,,,,0.0,0.0,0.5,0.0
343,2018,Bas-saint-laurent,Logiciel,C,0.0,0.35135135135135137,0.4702702702702703,0.4810810810810811,,,,,,,,,0.416,0.0,0.388,0.456
344,2018,Bas-saint-laurent,Logiciel,P,0.36363636363636365,0.22727272727272727,0.3181818181818182,0.0,,,,,,,,,0.3181818181818182,0.5454545454545454,0.5,0.0
345,2018,Bas-saint-laurent,Manuscript,C,0.0,0.3333333333333333,0.6666666666666666,0.3333333333333333,,,,,,,,,0.14285714285714285,0.0,0.42857142857142855,0.42857142857142855
346,2018,Capitale-nationale,Indeterminé,C,0.0,0.2,0.4,0.4,,,,,,,,,1.0,1.0,0.0,0.0
347,2018,Capitale-nationale,Indeterminé,S,0.0,0.18181818181818182,0.18181818181818182,0.0,,,,,,,,,0.0,0.0,0.0,0.5
348,2018,Capitale-nationale,Logiciel,C,0.0,0.35752212389380533,0.415929203539823,0.4336283185840708,,,,,,,,,0.0,0.0,0.5,0.0
349,2018,Capitale-nationale,Logiciel,P,0.5263157894736842,0.2631578947368421,0.5789473684210527,0.0,,,,,,,,,0.4083333333333333,0.0,0.35,0.5
350,2018,Capitale-nationale,Manuscript,C,0.0,0.15384615384615385,0.46153846153846156,0.3076923076923077,,,,,,,,,0.26666666666666666,0.4,0.2,0.0
351,2018,Centre-du-quebec,Indeterminé,C,0.0,0.375,0.5,0.25,,,,,,,,,0.25,0.0,0.0,0.25
352,2018,Centre-du-quebec,Indeterminé,S,0.0,0.5,0.0,0.0,,,,,,,,,0.0,0.0,1.0,0.0
353,2018,Centre-du-quebec,Logiciel,C,0.0,0.3886792452830189,0.44528301886792454,0.5018867924528302,,,,,,,,,0.4,0.0,0.2,0.4
354,2018,Centre-du-quebec,Logiciel,P,0.3,0.25,0.4,0.0,,,,,,,,,0.5,0.0,0.5,0.0
355,2018,Centre-du-quebec,Manuscript,C,0.0,0.0,1.0,0.0,,,,,,,,,0.42081447963800905,0.0,0.39819004524886875,0.5384615384615384
356,2018,Chaudiere-appalaches,Indeterminé,C,0.0,0.23076923076923078,0.46153846153846156,0.38461538461538464,,,,,,,,,0.30434782608695654,0.43478260869565216,0.391304347826087,0.0
357,2018,Chaudiere-appalaches,Indeterminé,S,0.0,0.5,0.0,0.0,,,,,,,,,0.5,0.0,0.0,0.0
358,2018,Chaudiere-appalaches,Logiciel,C,0.0,0.42387543252595156,0.36678200692041524,0.47750865051903113,,,,,,,,,0.24,0.0,0.28,0.36
359,2018,Chaudiere-appalaches,Logiciel,P,0.3333333333333333,0.3055555555555556,0.3611111111111111,0.0,,,,,,,,,0.38461538461538464,0.0,0.23076923076923078,0.0
360,2018,Chaudiere-appalaches,Manuscript,C,0.0,0.625,0.375,0.375,,,,,,,,,0.38958990536277605,0.0,0.4227129337539432,0.4526813880126183
361,2018,Chaudiere-appalaches,Manuscript,P,0.6666666666666666,0.3333333333333333,0.0,0.0,,,,,,,,,0.2619047619047619,0.47619047619047616,0.5,0.0
362,2018,Cote-nord,Indeterminé,C,0.0,1.0,0.0,0.0,,,,,,,,,0.3333333333333333,0.0,0.3333333333333333,0.2
363,2018,Cote-nord,Logiciel,C,0.0,0.19047619047619047,0.30952380952380953,0.4523809523809524,,,,,,,,,0.6666666666666666,1.0,0.3333333333333333,0.0
364,2018,Cote-nord,Logiciel,P,0.0,0.0,0.0,0.0,,,,,,,,,0.6,0.0,0.2,0.4
365,2018,Cote-nord,Manuscript,C,0.0,0.0,0.0,0.0,,,,,,,,,0.5,0.0,0.0,0.0
366,2018,Cote-nord,Manuscript,P,0.0,0.0,1.0,0.0,,,,,,,,,0.37543859649122807,0.0,0.48771929824561405,0.5017543859649123
367,2018,Estrie,Indeterminé,C,0.0,0.14285714285714285,0.2857142857142857,0.7142857142857143,,,,,,,,,0.2727272727272727,0.36363636363636365,0.4090909090909091,0.0
368,2018,Estrie,Indeterminé,S,0.0,0.18181818181818182,0.5454545454545454,0.0,,,,,,,,,0.0,0.0,0.6666666666666666,0.0
369,2018,Estrie,Logiciel,C,0.0,0.32294617563739375,0.44192634560906513,0.45325779036827196,,,,,,,,,0.2,0.0,0.3,0.4
370,2018,Estrie,Logiciel,P,0.5517241379310345,0.2413793103448276,0.3448275862068966,0.0,,,,,,,,,0.3640552995391705,0.0,0.3778801843317972,0.47619047619047616
371,2018,Estrie,Manuscript,C,0.0,0.4,0.0,0.4,,,,,,,,,0.4146341463414634,0.4146341463414634,0.4634146341463415,0.0
372,2018,Estrie,Manuscript,P,0.0,0.0,1.0,0.0,,,,,,,,,0.4,0.0,0.4,0.2
373,2018,Gaspesie-iles-de-la-madeleine,Logiciel,C,0.0,0.4074074074074074,0.25925925925925924,0.5185185185185185,,,,,,,,,0.5,0.5,0.5,0.0
374,2018,Gaspesie-iles-de-la-madeleine,Logiciel,P,0.5,0.0,0.0,0.0,,,,,,,,,1.0,0.0,0.0,0.0
375,2018,Hors du quebec,Indeterminé,C,0.0,0.0,0.5,0.25,,,,,,,,,0.0,0.0,1.0,0.0
376,2018,Hors du quebec,Logiciel,C,0.0,0.125,0.25,0.5,,,,,,,,,0.24324324324324326,0.0,0.32432432432432434,0.5135135135135135
377,2018,Lanaudiere,Indeterminé,C,0.0,0.23333333333333334,0.23333333333333334,0.36666666666666664,,,,,,,,,0.2,0.8,0.4,0.0
378,2018,Lanaudiere,Indeterminé,S,0.0,0.2,0.5,0.0,,,,,,,,,0.0,0.0,0.0,0.0
379,2018,Lanaudiere,Logiciel,C,0.0,0.3389830508474576,0.4172099087353325,0.46284224250325945,,,,,,,,,0.0,0.0,1.0,0.0
380,2018,Lanaudiere,Logiciel,P,0.5142857142857142,0.12857142857142856,0.35714285714285715,0.0,,,,,,,,,0.18181818181818182,0.0,0.18181818181818182,0.36363636363636365
381,2018,Lanaudiere,Manuscript,C,0.0,0.2,0.2,0.3,,,,,,,,,0.3333333333333333,0.0,1.0,0.0
382,2018,Lanaudiere,Manuscript,P,0.75,0.25,0.5,0.0,,,,,,,,,0.33055555555555555,0.0,0.4388888888888889,0.46111111111111114
383,2018,Laurentides,Indeterminé,C,0.0,0.32142857142857145,0.35714285714285715,0.32142857142857145,,,,,,,,,0.3,0.4666666666666667,0.4,0.0
384,2018,Laurentides,Indeterminé,S,0.0,0.25,0.4166666666666667,0.0,,,,,,,,,0.3333333333333333,0.0,0.1111111111111111,0.6666666666666666
385,2018,Laurentides,Logiciel,C,0.0,0.30393198724760895,0.37619553666312433,0.47927736450584485,,,,,,,,,0.35,0.0,0.25,0.55
386,2018,Laurentides,Logiciel,P,0.4666666666666667,0.16,0.41333333333333333,0.0,,,,,,,,,0.125,0.75,0.25,0.0
387,2018,Laurentides,Manuscript,C,0.0,0.3870967741935484,0.3548387096774194,0.5483870967741935,,,,,,,,,0.0,0.0,0.0,0.0
388,2018,Laurentides,Manuscript,P,0.0,0.0,0.0,0.0,,,,,,,,,0.5,0.0,0.5,0.0
389,2018,Laval,Indeterminé,C,0.0,0.2,0.3,0.3,,,,,,,,,0.20689655172413793,0.0,0.27586206896551724,0.3103448275862069
390,2018,Laval,Indeterminé,S,0.0,0.0,0.6666666666666666,0.0,,,,,,,,,0.125,0.0,0.25,0.0
391,2018,Laval,Logiciel,C,0.0,0.27492447129909364,0.39274924471299094,0.4471299093655589,,,,,,,,,0.34513274336283184,0.0,0.4192477876106195,0.4579646017699115
392,2018,Laval,Logiciel,P,0.5,0.25,0.45,0.0,,,,,,,,,0.1044776119402985,0.5074626865671642,0.40298507462686567,0.0
393,2018,Laval,Manuscript,C,0.0,0.2727272727272727,0.45454545454545453,0.45454545454545453,,,,,,,,,0.45454545454545453,0.0,0.36363636363636365,0.45454545454545453
394,2018,Mauricie,Indeterminé,C,0.0,0.6666666666666666,0.5,0.3333333333333333,,,,,,,,,1.0,1.0,1.0,0.0
395,2018,Mauricie,Indeterminé,S,0.0,0.5,0.16666666666666666,0.0,,,,,,,,,0.3333333333333333,0.0,0.2222222222222222,0.4074074074074074
396,2018,Mauricie,Logiciel,C,0.0,0.352,0.436,0.436,,,,,,,,,0.2,0.0,0.4,0.0
397,2018,Mauricie,Logiciel,P,0.32,0.28,0.56,0.0,,,,,,,,,0.3286778398510242,0.0,0.4059590316573557,0.4664804469273743
398,2018,Mauricie,Manuscript,C,0.0,0.6666666666666666,1.0,0.6666666666666666,,,,,,,,,0.17647058823529413,0.45098039215686275,0.3431372549019608,0.0
399,2018,Monteregie,Indeterminé,C,0.0,0.20408163265306123,0.3673469387755102,0.4897959183673469,,,,,,,,,0.3225806451612903,0.0,0.3548387096774194,0.45161290322580644
400,2018,Monteregie,Indeterminé,S,0.0,0.21428571428571427,0.25,0.0,,,,,,,,,1.0,0.0,0.0,0.0
401,2018,Monteregie,Logiciel,C,0.0,0.3543175487465181,0.42172701949860725,0.49749303621169916,,,,,,,,,0.4,0.0,0.3,0.4
402,2018,Monteregie,Logiciel,P,0.4444444444444444,0.1984126984126984,0.2857142857142857,0.0,,,,,,,,,0.0,0.0,0.5,0.0
403,2018,Monteregie,Manuscript,C,0.0,0.15384615384615385,0.3076923076923077,0.38461538461538464,,,,,,,,,0.28895184135977336,0.0,0.37677053824362605,0.45325779036827196
404,2018,Monteregie,Manuscript,P,1.0,0.0,0.0,0.0,,,,,,,,,0.21739130434782608,0.5217391304347826,0.43478260869565216,0.0
405,2018,Montreal,Indeterminé,C,0.0,0.27586206896551724,0.1724137931034483,0.20689655172413793,,,,,,,,,0.26666666666666666,0.0,0.4,0.5333333333333333
406,2018,Montreal,Indeterminé,S,0.0,0.5555555555555556,0.1111111111111111,0.0,,,,,,,,,0.5,0.0,0.5,0.3333333333333333
407,2018,Montreal,Logiciel,C,0.0,0.29261744966442954,0.40939597315436244,0.42013422818791946,,,,,,,,,0.6,0.0,0.2,0.0
408,2018,Montreal,Logiciel,P,0.48,0.16,0.28,0.0,,,,,,,,,0.32945736434108525,0.0,0.3992248062015504,0.437984496124031
409,2018,Montreal,Manuscript,C,0.0,0.19047619047619047,0.23809523809523808,0.38095238095238093,,,,,,,,,0.1111111111111111,0.3333333333333333,0.5555555555555556,0.0
410,2018,Montreal,Manuscript,P,0.5,0.0,0.0,0.0,,,,,,,,,0.4,0.0,0.4,0.4
411,2018,Nord-du-quebec,Logiciel,C,0.0,0.3,0.7,0.5,,,,,,,,,0.1864406779661017,0.0,0.3050847457627119,0.4406779661016949
412,2018,Outaouais,Indeterminé,C,0.0,0.2727272727272727,0.0,0.2727272727272727,,,,,,,,,0.2222222222222222,0.0,0.2962962962962963,0.0
413,2018,Outaouais,Indeterminé,S,0.0,0.2727272727272727,0.36363636363636365,0.0,,,,,,,,,0.36914460285132383,0.0,0.414969450101833,0.4969450101832994
414,2018,Outaouais,Logiciel,C,0.0,0.3132075471698113,0.3584905660377358,0.39622641509433965,,,,,,,,,0.16551724137931034,0.46206896551724136,0.30344827586206896,0.0
415,2018,Outaouais,Logiciel,P,0.37209302325581395,0.13953488372093023,0.37209302325581395,0.0,,,,,,,,,0.2608695652173913,0.0,0.30434782608695654,0.34782608695652173
416,2018,Outaouais,Manuscript,C,0.0,0.0,0.3333333333333333,0.0,,,,,,,,,0.2,0.4,0.4,0.0
417,2018,Saguenay-lac-saint-jean,Indeterminé,C,0.0,0.0,0.0,0.6,,,,,,,,,0.3181818181818182,0.0,0.18181818181818182,0.2727272727272727
418,2018,Saguenay-lac-saint-jean,Indeterminé,S,0.0,0.3333333333333333,0.6666666666666666,0.0,,,,,,,,,0.25,0.0,0.5,0.0
419,2018,Saguenay-lac-saint-jean,Logiciel,C,0.0,0.34517766497461927,0.3604060913705584,0.4263959390862944,,,,,,,,,0.31352718078381797,0.0,0.3843236409608091,0.4108723135271808
420,2018,Saguenay-lac-saint-jean,Logiciel,P,0.4,0.15,0.2,0.0,,,,,,,,,0.22807017543859648,0.5263157894736842,0.40350877192982454,0.0
421,2018,Saguenay-lac-saint-jean,Manuscript,C,0.0,0.0,0.0,0.3333333333333333,,,,,,,,,0.20833333333333334,0.0,0.4166666666666667,0.5
